COUNTRY,WHO_REGION,DATA_SOURCE,TOTAL_VACCINATIONS,PERSONS_VACCINATED_1PLUS_DOSE,TOTAL_VACCINATIONS_PER100,PERSONS_VACCINATED_1PLUS_DOSE_PER100,PERSONS_FULLY_VACCINATED,PERSONS_FULLY_VACCINATED_PER100,VACCINES_USED,NUMBER_VACCINES_TYPES_USED,,,,,,
Falkland Islands (Malvinas),southamerica,OWID,4407,2632,126.529,75.567,1775,50.962,AstraZeneca - AZD1222,1,,,,,,
Saint Helena,africa,OWID,7892,4361,129.995,71.833,3531,58.162,AstraZeneca - AZD1222,1,,,,,,
Isle of Man,europe,OWID,181474,68870,213.418,80.993,65631,77.184,"Moderna - mRNA-1273, AstraZeneca - AZD1222, Pfizer BioNTech - Comirnaty",3,,,,,,
Gibraltar,europe,OWID,108577,41199,322.273,122.285,40079,118.961,Pfizer BioNTech - Comirnaty,1,,,,,,
Greenland,europe,OWID,78558,40469,138.375,71.283,38089,67.091,Moderna - mRNA-1273,1,,,,,,
Faroe Islands,europe,OWID,98470,41489,201.514,84.905,40623,83.133,"Moderna - mRNA-1273, Pfizer BioNTech - Comirnaty",2,,,,,,
Jersey,europe,OWID,211427,81550,196.136,75.652,77133,71.555,"Moderna - mRNA-1273, AstraZeneca - AZD1222, Pfizer BioNTech - Comirnaty",3,,,,,,
Liechtenstein,OTHER,OWID,64609,26224,166.746,67.68,25689,66.299,"Moderna - mRNA-1273, Pfizer BioNTech - Comirnaty",2,,,,,,
Philippines,asia,REPORTING,108534301,61066594,99.045,55.727,49626599,45.288,"AstraZeneca - Vaxzevria,Beijing CNBG - BBIBP-CorV,Bharat - Covaxin,Gamaleya - Gam-Covid-Vac,Janssen - Ad26.COV 2-S,Julphar - Hayat-Vax,Moderna - Spikevax,Novavax - Covavax,Pfizer BioNTech - Comirnaty,Sinovac - CoronaVac",10,,,,,,
Nigeria,africa,REPORTING,15918689,11142593,7.722,5.405,4668105,2.265,SII - Covishield,1,,,,,,
Oman,asia,REPORTING,6118018,3121894,119.805,61.134,2902254,56.833,"AstraZeneca - Vaxzevria,Gamaleya - Gam-Covid-Vac,Pfizer BioNTech - Comirnaty,SII - Covishield,Sinovac - CoronaVac",5,,,,,,
Curaçao,southamerica,REPORTING,204731,103890,124.765,63.312,96382,58.736,"AstraZeneca - Vaxzevria,Moderna - Spikevax,Pfizer BioNTech - Comirnaty",3,,,,,,
Niue,oceania,REPORTING,2352,1202,145.365,74.289,1150,71.075,Pfizer BioNTech - Comirnaty,1,,,,,,  
Viet Nam,asia,REPORTING,150935915,77555511,155.063,79.676,68435813,70.307,"AstraZeneca - Vaxzevria,Beijing CNBG - BBIBP-CorV,CIGB - CIGB-66,Gamaleya - Gam-Covid-Vac,Moderna - Spikevax,Pfizer BioNTech - Comirnaty",6,,,,,,
Seychelles,africa,REPORTING,183472,82348,186.556,83.732,78263,79.578,"Beijing CNBG - BBIBP-CorV,Gamaleya - Gam-Covid-Vac,Julphar - Hayat-Vax,SII - Covishield",4,,,,,,
Thailand,asia,REPORTING,97482775,51310112,139.66,73.51,46172663,66.15,"AstraZeneca - Vaxzevria,Beijing CNBG - BBIBP-CorV,Janssen - Ad26.COV 2-S,Moderna - Spikevax,Pfizer BioNTech - Comirnaty,SII - Covishield,Sinovac - CoronaVac",7,,,,,,
Panama,southamerica,REPORTING,6193744,3120802,143.548,72.328,2804103,64.989,"AstraZeneca - Vaxzevria,Pfizer BioNTech - Comirnaty",2,,,,,,
Fiji,oceania,REPORTING,1272805,662848,141.984,73.942,609957,68.042,"AstraZeneca - Vaxzevria,Moderna - Spikevax,SII - Covishield",3,,,,,,
Canada,northamerica,REPORTING,65784888,31416719,174.301,83.24,29206295,77.384,"AstraZeneca - Vaxzevria,Janssen - Ad26.COV 2-S,Moderna - Spikevax,Pfizer BioNTech - Comirnaty,SII - Covishield",5,,,,,,
Belize,southamerica,REPORTING,424634,230125,106.792,57.874,199119,50.077,"AstraZeneca - Vaxzevria,Beijing CNBG - BBIBP-CorV,Janssen - Ad26.COV 2-S,Pfizer BioNTech - Comirnaty,SII - Covishield",5,,,,,,
Democratic Republic of the Congo,africa,REPORTING,340509,270263,0.38,0.302,131316,0.147,SII - Covishield,1,,,,,,
Montserrat,southamerica,REPORTING,3020,1547,60.412,30.946,1472,29.446,AstraZeneca - Vaxzevria,1,,,,,,
Mali,africa,REPORTING,1196941,900986,5.911,4.449,518229,2.559,SII - Covishield,1,,,,,,
Malawi,africa,REPORTING,1740820,1382940,9.1,7.229,687294,3.593,"Janssen - Ad26.COV 2-S,SII - Covishield",2,,,,,,
Bhutan,asia,REPORTING,1159639,591662,150.289,76.679,567977,73.61,"AstraZeneca - Vaxzevria,Beijing CNBG - BBIBP-CorV,Moderna - Spikevax,Pfizer BioNTech - Comirnaty,SII - Covishield",5,,,,,,
Madagascar,africa,REPORTING,971426,817386,3.508,2.952,767113,2.77,"Beijing CNBG - BBIBP-CorV,Janssen - Ad26.COV 2-S,SII - Covishield",3,,,,,,
Jamaica,southamerica,REPORTING,1187237,707023,40.094,23.876,554863,18.738,"AstraZeneca - Vaxzevria,Janssen - Ad26.COV 2-S,Pfizer BioNTech - Comirnaty,SII - Covishield",4,,,,,,
Mauritius,africa,REPORTING,2036896,947513,160.163,74.504,909900,71.546,"Beijing CNBG - BBIBP-CorV,Bharat - Covaxin,SII - Covishield",3,,,,,,
Kuwait,asia,REPORTING,7100784,3344173,166.272,78.307,3228399,75.596,"AstraZeneca - Vaxzevria,Beijing CNBG - BBIBP-CorV,Janssen - Ad26.COV 2-S,Moderna - Spikevax,Pfizer BioNTech - Comirnaty",5,,,,,,
Ecuador,southamerica,REPORTING,26849164,14106842,152.18,79.957,12368879,70.106,"AstraZeneca - Vaxzevria,CanSino - Convidecia,Pfizer BioNTech - Comirnaty,Sinovac - CoronaVac",4,,,,,,
Venezuela (Bolivarian Republic of),southamerica,REPORTING,30049714,18393519,105.675,64.684,11608305,40.823,"Beijing CNBG - BBIBP-CorV,CIGB - CIGB-66,Finlay - Soberana-02,Gamaleya - Gam-Covid-Vac,Sinovac - CoronaVac",5,,,,,,
Nauru,oceania,REPORTING,14790,7612,136.515,70.26,7178,66.254,"AstraZeneca - Vaxzevria,SII - Covishield",2,,,,,,
South Sudan,africa,REPORTING,288900,245004,2.581,2.189,199740,1.784,"Janssen - Ad26.COV 2-S,SII - Covishield",2,,,,,,
Honduras,southamerica,REPORTING,9188959,4941269,92.775,49.889,3952806,39.909,"AstraZeneca - Vaxzevria,Gamaleya - Gam-Covid-Vac,Janssen - Ad26.COV 2-S,Moderna - Spikevax,Pfizer BioNTech - Comirnaty,SII - Covishield",6,,,,,,
Bermuda,southamerica,REPORTING,110329,46194,177.17,74.18,45213,72.604,"AstraZeneca - Vaxzevria,Pfizer BioNTech - Comirnaty",2,,,,,,
Equatorial Guinea,africa,REPORTING,452572,249215,32.258,17.763,203357,14.495,"Beijing CNBG - BBIBP-CorV,Sinovac - CoronaVac",2,,,,,,
Republic of Korea,asia,REPORTING,103872155,44284702,202.602,86.377,42603909,83.098,"AstraZeneca - Vaxzevria,Janssen - Ad26.COV 2-S,Moderna - Spikevax,Novavax - Covavax,Pfizer BioNTech - Comirnaty",5,,,,,,
Burkina Faso,africa,REPORTING,1192663,1108731,5.706,5.304,725952,3.473,"Beijing CNBG - BBIBP-CorV,Janssen - Ad26.COV 2-S,SII - Covishield",3,,,,,,
Bangladesh,asia,REPORTING,129371926,75789286,78.555,46.02,53582640,32.536,"AstraZeneca - Vaxzevria,Beijing CNBG - BBIBP-CorV,Gamaleya - Gam-Covid-Vac,Janssen - Ad26.COV 2-S,Moderna - Spikevax,Pfizer BioNTech - Comirnaty,SII - Covishield,Sinovac - CoronaVac",8,,,,,,
Lebanon,asia,REPORTING,4650164,2391896,68.13,35.044,1957512,28.68,"AstraZeneca - Vaxzevria,Beijing CNBG - BBIBP-CorV,Gamaleya - Gam-Covid-Vac,Pfizer BioNTech - Comirnaty",4,,,,,,
Cook Islands,oceania,REPORTING,25548,12938,145.457,73.662,12610,71.795,Pfizer BioNTech - Comirnaty,1,,,,,,
Colombia,southamerica,REPORTING,62902903,37936410,123.623,74.556,27421279,53.891,"AstraZeneca - Vaxzevria,Janssen - Ad26.COV 2-S,Moderna - Spikevax,Pfizer BioNTech - Comirnaty,Sinovac - CoronaVac",5,,,,,,
New Zealand,oceania,REPORTING,7962176,3959828,165.114,82.116,3784022,78.47,"AstraZeneca - Vaxzevria,Janssen - Ad26.COV 2-S,Novavax - Covavax,Pfizer BioNTech - Comirnaty",4,,,,,,
Mauritania,africa,REPORTING,2446808,1387420,52.623,29.839,924713,19.888,"Beijing CNBG - BBIBP-CorV,SII - Covishield",2,,,,,,
Somalia,asia,REPORTING,1504914,1203131,9.469,7.57,810010,5.097,"Beijing CNBG - BBIBP-CorV,Janssen - Ad26.COV 2-S,SII - Covishield,Sinovac - CoronaVac",4,,,,,,
Nicaragua,southamerica,REPORTING,7308467,4628897,110.324,69.875,2679570,40.449,"AstraZeneca - Vaxzevria,CIGB - CIGB-66,Finlay - Soberana-02,Gamaleya - Gam-Covid-Vac,Gamaleya - Sputnik-Light,Janssen - Ad26.COV 2-S,Pfizer BioNTech - Comirnaty,SII - Covishield",8,,,,,,
Botswana,africa,REPORTING,1169197,1169197,49.719,49.719,1033971,43.968,"Bharat - Covaxin,Janssen - Ad26.COV 2-S,Moderna - Spikevax,Pfizer BioNTech - Comirnaty,SII - Covishield,Sinovac - CoronaVac",6,,,,,,
Cabo Verde,africa,REPORTING,591452,317299,106.379,57.069,260515,46.856,"Beijing CNBG - BBIBP-CorV,Moderna - Spikevax,Pfizer BioNTech - Comirnaty,SII - Covishield",4,,,,,,
Burundi,africa,REPORTING,7238,5651,0.061,0.048,5276,0.044,Beijing CNBG - BBIBP-CorV,1,,,,,,
India,asia,REPORTING,1476253454,859026846,106.975,62.248,617226608,44.726,"Bharat - Covaxin,Gamaleya - Gam-Covid-Vac,Janssen - Ad26.COV 2-S,Moderna - Spikevax,SII - Covishield,Zydus - ZyCov-D",6,,,,,,
Mexico,northamerica,REPORTING,138851637,81770394,107.693,63.421,66459570,51.546,"AstraZeneca - Vaxzevria,CanSino - Convidecia,Gamaleya - Gam-Covid-Vac,Janssen - Ad26.COV 2-S,Moderna - Spikevax,Pfizer BioNTech - Comirnaty,Sinovac - CoronaVac",7,,,,,,
Ethiopia,africa,REPORTING,10956131,6930727,9.53,6.029,4025404,3.501,"Beijing CNBG - BBIBP-CorV,Bharat - Covaxin,Janssen - Ad26.COV 2-S,SII - Covishield",4,,,,,,
Jordan,asia,REPORTING,9124284,4752628,89.426,46.58,4053923,39.732,"AstraZeneca - Vaxzevria,Beijing CNBG - BBIBP-CorV,Gamaleya - Gam-Covid-Vac,Janssen - Ad26.COV 2-S,Moderna - Spikevax,Pfizer BioNTech - Comirnaty",6,,,,,,
Martinique,southamerica,REPORTING,280052,139372,74.628,37.14,127703,34.03,Pfizer BioNTech - Comirnaty,1,,,,,,
Guinea-Bissau,africa,REPORTING,414465,391320,21.06,19.884,23145,1.176,"Beijing CNBG - BBIBP-CorV,SII - Covishield",2,,,,,,
Saint Lucia,southamerica,REPORTING,106938,55423,58.237,30.182,48650,26.494,"AstraZeneca - Vaxzevria,Pfizer BioNTech - Comirnaty,SII - Covishield",3,,,,,,
Guyana,southamerica,REPORTING,706796,408838,89.86,51.979,290688,36.957,"AstraZeneca - Vaxzevria,Beijing CNBG - BBIBP-CorV,Gamaleya - Gam-Covid-Vac,Moderna - Spikevax,Pfizer BioNTech - Comirnaty,SII - Covishield",6,,,,,,
El Salvador,southamerica,REPORTING,9481215,4456731,146.175,68.711,4127632,63.637,"AstraZeneca - Vaxzevria,Beijing CNBG - BBIBP-CorV,Moderna - Spikevax,Pfizer BioNTech - Comirnaty,SII - Covishield,Sinovac - CoronaVac",6,,,,,,
Haiti,southamerica,REPORTING,194341,122580,1.704,1.075,72102,0.632,"Janssen - Ad26.COV 2-S,Moderna - Spikevax",2,,,,,,
Uruguay,southamerica,REPORTING,6922248,2763201,199.274,79.546,2671157,76.896,"AstraZeneca - Vaxzevria,Pfizer BioNTech - Comirnaty,Sinovac - CoronaVac",3,,,,,,
Puerto Rico,southamerica,REPORTING,5796457,2867650,202.613,100.238,2444489,85.446,"Janssen - Ad26.COV 2-S,Moderna - Spikevax,Pfizer BioNTech - Comirnaty",3,,,,,,
Japan,asia,REPORTING,201259462,101199695,159.128,80.015,99423525,78.61,"AstraZeneca - Vaxzevria,Moderna - Spikevax,Novavax - Covavax,Pfizer BioNTech - Comirnaty",4,,,,,,
Timor-Leste,asia,REPORTING,1210070,665588,91.78,50.483,544482,41.297,"AstraZeneca - Vaxzevria,Pfizer BioNTech - Comirnaty,SII - Covishield,Sinovac - CoronaVac",4,,,,,,
Cayman Islands,southamerica,REPORTING,130608,58591,198.734,89.152,56891,86.566,Pfizer BioNTech - Comirnaty,1,,,,,,
French Polynesia,oceania,REPORTING,327167,171208,116.468,60.948,155959,55.52,"Janssen - Ad26.COV 2-S,Pfizer BioNTech - Comirnaty",2,,,,,,
Syrian Arab Republic,asia,REPORTING,2894288,2276557,16.538,13.008,852203,4.87,"Beijing CNBG - BBIBP-CorV,Gamaleya - Gam-Covid-Vac,Gamaleya - Sputnik-Light,Janssen - Ad26.COV 2-S,SII - Covishield,Sinovac - CoronaVac",6,,,,,,
French Guiana,southamerica,REPORTING,171617,88733,57.458,29.708,77801,26.048,"Moderna - Spikevax,Pfizer BioNTech - Comirnaty",2,,,,,,
Bahamas,southamerica,REPORTING,300214,157041,76.343,39.935,147365,37.474,"AstraZeneca - Vaxzevria,Janssen - Ad26.COV 2-S,Pfizer BioNTech - Comirnaty,SII - Covishield",4,,,,,,
Saudi Arabia,asia,REPORTING,52593465,25112618,151.07,72.134,23336276,67.032,"AstraZeneca - Vaxzevria,Janssen - Ad26.COV 2-S,Moderna - Spikevax,Pfizer BioNTech - Comirnaty",4,,,,,,
Maldives,asia,REPORTING,764494,396822,141.43,73.412,367672,68.019,"AstraZeneca - Vaxzevria,Beijing CNBG - BBIBP-CorV,Gamaleya - Gam-Covid-Vac,Janssen - Ad26.COV 2-S,Moderna - Spikevax,Pfizer BioNTech - Comirnaty,SII - Covishield,Sinovac - CoronaVac",8,,,,,,
Qatar,asia,REPORTING,5275659,,183.116,,,,"AstraZeneca - Vaxzevria,Janssen - Ad26.COV 2-S,Moderna - Spikevax,Pfizer BioNTech - Comirnaty",4,,,,,,
Côte d’Ivoire,africa,REPORTING,7113233,4950775,26.966,18.768,2162458,8.198,"Beijing CNBG - BBIBP-CorV,Gamaleya - Gam-Covid-Vac,Janssen - Ad26.COV 2-S,Pfizer BioNTech - Comirnaty,SII - Covishield",5,,,,,,
Liberia,africa,REPORTING,1146910,1018979,22.677,20.147,986975,19.514,SII - Covishield,1,,,,,,
Algeria,africa,REPORTING,12545356,7060737,28.609,16.102,5609040,12.791,"Beijing CNBG - BBIBP-CorV,Gamaleya - Gam-Covid-Vac,SII - Covishield,Sinovac - CoronaVac",4,,,,,,
Brunei Darussalam,asia,REPORTING,898401,405888,205.359,92.779,400691,91.591,"AstraZeneca - Vaxzevria,Beijing CNBG - BBIBP-CorV,Janssen - Ad26.COV 2-S,Moderna - Spikevax,Pfizer BioNTech - Comirnaty",5,,,,,,
Mozambique,africa,REPORTING,14408516,8484211,46.099,27.145,5924305,18.954,"Beijing CNBG - BBIBP-CorV,Janssen - Ad26.COV 2-S,SII - Covishield",3,,,,,,
British Virgin Islands,southamerica,REPORTING,35799,18432,118.395,60.958,17005,56.239,"AstraZeneca - Vaxzevria,Janssen - Ad26.COV 2-S",2,,,,,,
Pakistan,asia,REPORTING,160651005,98863864,72.728,44.757,73129978,33.107,"Beijing CNBG - BBIBP-CorV,Bharat - Covaxin,CanSino - Convidecia,Gamaleya - Gam-Covid-Vac,Moderna - Spikevax,Pfizer BioNTech - Comirnaty,SII - Covishield,Sinovac - CoronaVac",8,,,,,,
Anguilla,southamerica,REPORTING,20284,10079,135.209,67.184,9223,61.478,"AstraZeneca - Vaxzevria,Pfizer BioNTech - Comirnaty",2,,,,,,
occupied Palestinian territory,asia,REPORTING,3383211,2066723,66.319,40.513,1515699,29.711,"AstraZeneca - Vaxzevria,Beijing CNBG - BBIBP-CorV,Gamaleya - Gam-Covid-Vac,Gamaleya - Sputnik-Light,Janssen - Ad26.COV 2-S,Moderna - Spikevax,Pfizer BioNTech - Comirnaty,Sinovac - CoronaVac",8,,,,,,
Antigua and Barbuda,southamerica,REPORTING,120657,62154,123.209,63.468,58503,59.74,"AstraZeneca - Vaxzevria,Beijing CNBG - BBIBP-CorV,Gamaleya - Gam-Covid-Vac,Janssen - Ad26.COV 2-S,Pfizer BioNTech - Comirnaty,SII - Covishield",6,,,,,,
Chad,africa,REPORTING,339070,243353,2.064,1.482,96718,0.589,Beijing CNBG - BBIBP-CorV,1,,,,,,
Vanuatu,oceania,REPORTING,152697,102308,49.715,33.309,50403,16.41,"AstraZeneca - Vaxzevria,Beijing CNBG - BBIBP-CorV",2,,,,,,
Afghanistan,asia,REPORTING,4903368,4358570,12.596,11.196,3809353,9.786,"Beijing CNBG - BBIBP-CorV,Janssen - Ad26.COV 2-S,Pfizer BioNTech - Comirnaty,SII - Covishield",4,,,,,,
Gambia,africa,REPORTING,280797,249364,11.619,10.319,235633,9.75,"Beijing CNBG - BBIBP-CorV,SII - Covishield",2,,,,,,
Kenya,africa,REPORTING,10303195,5956101,19.161,11.077,4347094,8.084,"Beijing CNBG - BBIBP-CorV,Janssen - Ad26.COV 2-S,Moderna - Spikevax,Pfizer BioNTech - Comirnaty,SII - Covishield",5,,,,,,
Pitcairn Islands,oceania,REPORTING,74,37,148,74,37,74,AstraZeneca - Vaxzevria,1,,,,,,
Comoros,africa,REPORTING,581547,335408,66.875,38.57,246139,28.305,"Beijing CNBG - BBIBP-CorV,Bharat - Covaxin,SII - Covishield",3,,,,,,
Indonesia,asia,REPORTING,281574183,166881284,102.943,61.012,114692899,41.932,"AstraZeneca - Vaxzevria,Beijing CNBG - BBIBP-CorV,Janssen - Ad26.COV 2-S,Moderna - Spikevax,Novavax - Covavax,Pfizer BioNTech - Comirnaty,Sinovac - CoronaVac",7,,,,,,
Djibouti,asia,REPORTING,133933,114018,13.556,11.54,73912,7.481,"Beijing CNBG - BBIBP-CorV,Gamaleya - Gam-Covid-Vac,Janssen - Ad26.COV 2-S,Pfizer BioNTech - Comirnaty,SII - Covishield,Sinovac - CoronaVac",6,,,,,,
Mongolia,asia,REPORTING,5345369,2266120,163.054,69.125,2164055,66.012,"AstraZeneca - Vaxzevria,Beijing CNBG - BBIBP-CorV,Gamaleya - Gam-Covid-Vac,Moderna - Spikevax,Pfizer BioNTech - Comirnaty,SII - Covishield",6,,,,,,
Grenada,southamerica,REPORTING,78476,41287,69.742,36.692,35457,31.511,"AstraZeneca - Vaxzevria,Janssen - Ad26.COV 2-S,Pfizer BioNTech - Comirnaty,SII - Covishield",4,,,,,,
Aruba,southamerica,REPORTING,163001,84312,152.671,78.969,78689,73.702,"Janssen - Ad26.COV 2-S,Pfizer BioNTech - Comirnaty",2,,,,,,
Guinea,africa,REPORTING,2823085,1804137,21.496,13.738,1018948,7.759,"Beijing CNBG - BBIBP-CorV,Gamaleya - Gam-Covid-Vac,Janssen - Ad26.COV 2-S,Pfizer BioNTech - Comirnaty,SII - Covishield,Sinovac - CoronaVac",6,,,,,,
Morocco,asia,REPORTING,50804376,24670739,137.642,66.839,23047095,62.44,"AstraZeneca - Vaxzevria,Beijing CNBG - BBIBP-CorV,Gamaleya - Gam-Covid-Vac,Janssen - Ad26.COV 2-S,Pfizer BioNTech - Comirnaty",5,,,,,,
Barbados,southamerica,REPORTING,297593,155312,103.556,54.045,142281,49.511,"AstraZeneca - Vaxzevria,Beijing CNBG - BBIBP-CorV,Pfizer BioNTech - Comirnaty,SII - Covishield",4,,,,,,
Bolivia (Plurinational State of),southamerica,REPORTING,9571859,5509031,82,47.195,4548721,38.968,"Beijing CNBG - BBIBP-CorV,Gamaleya - Gam-Covid-Vac,Janssen - Ad26.COV 2-S,Pfizer BioNTech - Comirnaty,SII - Covishield",5,,,,,,
Trinidad and Tobago,southamerica,REPORTING,1319046,704587,94.252,50.346,661746,47.285,"AstraZeneca - Vaxzevria,Beijing CNBG - BBIBP-CorV,Janssen - Ad26.COV 2-S,Pfizer BioNTech - Comirnaty,SII - Covishield",5,,,,,,
Libya,asia,REPORTING,2752390,1886754,40.056,27.459,865636,12.598,"AstraZeneca - Vaxzevria,Beijing CNBG - BBIBP-CorV,Gamaleya - Gam-Covid-Vac,Janssen - Ad26.COV 2-S,Moderna - Spikevax,Pfizer BioNTech - Comirnaty,Sinovac - CoronaVac",7,,,,,,
Singapore,asia,REPORTING,11834312,4799168,202.284,82.032,4744632,81.1,"AstraZeneca - Vaxzevria,Beijing CNBG - BBIBP-CorV,Moderna - Spikevax,Pfizer BioNTech - Comirnaty",4,,,,,,
Central African Republic,africa,REPORTING,556077,482563,11.514,9.991,462715,9.58,"Bharat - Covaxin,SII - Covishield",2,,,,,,
Congo,africa,REPORTING,758891,622886,13.753,11.288,583609,10.576,"Beijing CNBG - BBIBP-CorV,Gamaleya - Gam-Covid-Vac,Moderna - Spikevax,SII - Covishield",4,,,,,,
Kiribati,oceania,REPORTING,11686,71152,9.783,59.567,40534,33.934,"AstraZeneca - Vaxzevria,Beijing CNBG - BBIBP-CorV",2,,,,,,
Iraq,asia,REPORTING,14577185,8667646,36.241,21.549,5879971,14.619,"AstraZeneca - Vaxzevria,Beijing CNBG - BBIBP-CorV,Gamaleya - Gam-Covid-Vac,Pfizer BioNTech - Comirnaty",4,,,,,,
Argentina,southamerica,REPORTING,73701996,37829336,163.073,83.701,31908448,70.601,"AstraZeneca - Vaxzevria,Beijing CNBG - BBIBP-CorV,CanSino - Convidecia,Gamaleya - Gam-Covid-Vac,Moderna - Spikevax,Pfizer BioNTech - Comirnaty,SII - Covishield",7,,,,,,
Palau,oceania,REPORTING,35035,18517,193.649,102.349,15748,87.044,"Janssen - Ad26.COV 2-S,Moderna - Spikevax,Pfizer BioNTech - Comirnaty",3,,,,,,
Saint Vincent and the Grenadines,southamerica,REPORTING,60367,33316,54.414,30.031,25709,23.174,"AstraZeneca - Vaxzevria,Gamaleya - Gam-Covid-Vac,Gamaleya - Sputnik-Light,Pfizer BioNTech - Comirnaty,SII - Covishield",5,,,,,,
Nepal,asia,REPORTING,25275254,14564533,86.747,49.987,10710721,36.76,"AstraZeneca - Vaxzevria,Beijing CNBG - BBIBP-CorV,Bharat - Covaxin,Gamaleya - Gam-Covid-Vac,Janssen - Ad26.COV 2-S,Moderna - Spikevax,Pfizer BioNTech - Comirnaty,SII - Covishield",8,,,,,,
Tokelau,oceania,REPORTING,1936,968,143.407,71.704,968,71.704,Pfizer BioNTech - Comirnaty,1,,,,,,
Eswatini,africa,REPORTING,417510,341385,35.987,29.426,311347,26.836,"Janssen - Ad26.COV 2-S,Pfizer BioNTech - Comirnaty,SII - Covishield",3,,,,,,
Sri Lanka,asia,REPORTING,29846569,15995725,139.384,74.7,13850844,64.684,"AstraZeneca - Vaxzevria,Beijing CNBG - BBIBP-CorV,Gamaleya - Gam-Covid-Vac,Moderna - Spikevax,Pfizer BioNTech - Comirnaty,SII - Covishield",6,,,,,,
Myanmar,asia,REPORTING,36388358,20816441,66.878,38.259,15571917,28.62,"Beijing CNBG - BBIBP-CorV,SII - Covishield",2,,,,,,
Namibia,africa,REPORTING,643829,405254,25.339,15.949,344006,13.539,"Beijing CNBG - BBIBP-CorV,Janssen - Ad26.COV 2-S,Pfizer BioNTech - Comirnaty,SII - Covishield",4,,,,,,
Cuba,southamerica,REPORTING,29404770,10332705,259.608,91.225,9519495,84.045,"CIGB - CIGB-66,Finlay - Soberana Plus,Finlay - Soberana-02",3,,,,,,
China,asia,REPORTING,2848898000,1265356693,193.633,86.003,1215112946,82.588,"Anhui ZL - Recombinant,Beijing CNBG - BBIBP-CorV,CanSino - Convidecia,IMB - Covidful,Pfizer BioNTech - Comirnaty,Shenzhen - LV-SMENP-DC,Sinovac - CoronaVac,Wuhan CNBG - Inactivated",8,,,,,,
Marshall Islands,oceania,REPORTING,46518,25598,78.586,43.244,22427,37.887,"Janssen - Ad26.COV 2-S,Moderna - Spikevax,Pfizer BioNTech - Comirnaty",3,,,,,,
Costa Rica,southamerica,REPORTING,7580046,3934813,148.8,77.242,3444299,67.613,"AstraZeneca - Vaxzevria,Pfizer BioNTech - Comirnaty",2,,,,,,
Cambodia,oceania,REPORTING,30456720,14262170,182.169,85.305,13659518,81.701,"AstraZeneca - Vaxzevria,Beijing CNBG - BBIBP-CorV,Janssen - Ad26.COV 2-S,SII - Covishield,Sinovac - CoronaVac",5,,,,,,
Benin,africa,REPORTING,1897214,1815764,15.649,14.978,1421442,11.725,"AstraZeneca - Vaxzevria,Janssen - Ad26.COV 2-S,Pfizer BioNTech - Comirnaty,SII - Covishield,Sinovac - CoronaVac",5,,,,,,
Iran (Islamic Republic of),asia,REPORTING,122153249,60062247,145.433,71.509,52530978,62.542,"AstraZeneca - Vaxzevria,Beijing CNBG - BBIBP-CorV,Bharat - Covaxin,Finlay - Soberana-02,Gamaleya - Gam-Covid-Vac,Shifa - COVIran Barakat",6,,,,,,
Niger,africa,REPORTING,1716942,753567,7.093,3.113,963375,3.98,"Beijing CNBG - BBIBP-CorV,SII - Covishield",2,,,,,,
Dominica,southamerica,REPORTING,57044,29426,79.238,40.875,27618,38.363,"AstraZeneca - Vaxzevria,Beijing CNBG - BBIBP-CorV,Pfizer BioNTech - Comirnaty,SII - Covishield",4,,,,,,
American Samoa,oceania,REPORTING,72634,38833,131.59,70.353,31626,57.297,"Janssen - Ad26.COV 2-S,Moderna - Spikevax,Pfizer BioNTech - Comirnaty",3,,,,,,
Samoa,oceania,REPORTING,264438,141724,133.276,71.428,122714,61.847,AstraZeneca - Vaxzevria,1,,,,,,
United Arab Emirates,asia,REPORTING,22881804,,231.354,,,,"AstraZeneca - Vaxzevria,Beijing CNBG - BBIBP-CorV,Gamaleya - Gam-Covid-Vac,Pfizer BioNTech - Comirnaty,SII - Covishield",5,,,,,,
Uganda,africa,REPORTING,9763030,8354808,21.344,18.265,1408222,3.079,"Janssen - Ad26.COV 2-S,Moderna - Spikevax,Pfizer BioNTech - Comirnaty,SII - Covishield,Sinovac - CoronaVac",5,,,,,,
United Republic of Tanzania,africa,REPORTING,2431769,2079930,4.071,3.482,1359225,2.275,"Beijing CNBG - BBIBP-CorV,Janssen - Ad26.COV 2-S,Pfizer BioNTech - Comirnaty",3,,,,,,
Lao People's Democratic Republic,oceania,REPORTING,5830021,3744740,80.132,51.47,3099003,42.595,"AstraZeneca - Vaxzevria,Beijing CNBG - BBIBP-CorV,Gamaleya - Gam-Covid-Vac,Gamaleya - Sputnik-Light,Janssen - Ad26.COV 2-S,Pfizer BioNTech - Comirnaty,SII - Covishield,Sinovac - CoronaVac",8,,,,,,
Sudan,asia,REPORTING,3209469,2694171,7.319,6.144,1309791,2.987,"Beijing CNBG - BBIBP-CorV,Janssen - Ad26.COV 2-S,Pfizer BioNTech - Comirnaty,SII - Covishield,Sinovac - CoronaVac",5,,,,,,
Saint Kitts and Nevis,southamerica,REPORTING,54253,27523,101.995,51.743,25400,47.752,"AstraZeneca - Vaxzevria,Pfizer BioNTech - Comirnaty,SII - Covishield",3,,,,,,
Suriname,southamerica,REPORTING,505748,260842,86.212,44.464,226560,38.62,"AstraZeneca - Vaxzevria,Beijing CNBG - BBIBP-CorV,Moderna - Spikevax,Pfizer BioNTech - Comirnaty,SII - Covishield",5,,,,,,
South Africa,africa,REPORTING,27977830,18944167,47.173,31.942,15872469,26.762,"Janssen - Ad26.COV 2-S,Pfizer BioNTech - Comirnaty",2,,,,,,
Senegal,africa,REPORTING,1939324,1342352,11.582,8.017,944643,5.642,"Beijing CNBG - BBIBP-CorV,Janssen - Ad26.COV 2-S,SII - Covishield",3,,,,,,
Angola,africa,REPORTING,12099891,8176125,36.816,24.877,4174988,12.703,SII - Covishield,1,,,,,,
Papua New Guinea,oceania,REPORTING,374571,282163,4.187,3.154,215437,2.408,"AstraZeneca - Vaxzevria,Beijing CNBG - BBIBP-CorV,Janssen - Ad26.COV 2-S,SII - Covishield",4,,,,,,
Cameroon,africa,REPORTING,1024333,837860,3.859,3.156,663317,2.499,"Beijing CNBG - BBIBP-CorV,Janssen - Ad26.COV 2-S,Pfizer BioNTech - Comirnaty,SII - Covishield",4,,,,,,
Zambia,africa,REPORTING,1041441,832532,5.665,4.529,651965,3.546,"Beijing CNBG - BBIBP-CorV,Janssen - Ad26.COV 2-S,SII - Covishield",3,,,,,,
Tunisia,asia,REPORTING,13937802,8576820,117.931,72.57,6036185,51.074,"AstraZeneca - Vaxzevria,Beijing CNBG - BBIBP-CorV,Gamaleya - Gam-Covid-Vac,Janssen - Ad26.COV 2-S,Moderna - Spikevax,Pfizer BioNTech - Comirnaty,Sinovac - CoronaVac",7,,,,,,
Sint Maarten,southamerica,REPORTING,52304,27141,121.972,63.292,25163,58.68,"AstraZeneca - Vaxzevria,Moderna - Spikevax,Pfizer BioNTech - Comirnaty",3,,,,,,
Ghana,africa,REPORTING,7755231,5774413,24.958,18.583,2334010,7.511,"Gamaleya - Gam-Covid-Vac,SII - Covishield",2,,,,,,
Rwanda,africa,REPORTING,12588963,7629877,97.195,58.908,5435180,41.963,"Beijing CNBG - BBIBP-CorV,Gamaleya - Gam-Covid-Vac,Janssen - Ad26.COV 2-S,Moderna - Spikevax,Pfizer BioNTech - Comirnaty,SII - Covishield,Sinovac - CoronaVac",7,,,,,,
Australia,oceania,REPORTING,42787000,20460234,167.793,80.237,19778026,77.561,"AstraZeneca - Vaxzevria,Novavax - Covavax,Pfizer BioNTech - Comirnaty",3,,,,,,
Zimbabwe,africa,REPORTING,7248458,4118635,48.769,27.711,3129823,21.058,"Beijing CNBG - BBIBP-CorV,Bharat - Covaxin,Gamaleya - Gam-Covid-Vac,Sinovac - CoronaVac",4,,,,,,
Sierra Leone,africa,REPORTING,923880,747044,11.582,9.365,385232,4.829,"Beijing CNBG - BBIBP-CorV,SII - Covishield",2,,,,,,
United States of America,northamerica,REPORTING,485274895,241208244,146.608,72.872,199796085,60.361,"Janssen - Ad26.COV 2-S,Moderna - Spikevax,Pfizer BioNTech - Comirnaty",3,,,,,,
Turks and Caicos Islands,southamerica,REPORTING,56343,29210,145.521,75.443,27133,70.079,Pfizer BioNTech - Comirnaty,1,,,,,,
Yemen,asia,REPORTING,786027,556652,2.635,1.866,366587,1.229,"Janssen - Ad26.COV 2-S,SII - Covishield,Sinovac - CoronaVac",3,,,,,,
Chile,southamerica,REPORTING,43175145,17188932,225.856,89.918,16439131,85.996,"AstraZeneca - Vaxzevria,CanSino - Convidecia,Pfizer BioNTech - Comirnaty,Sinovac - CoronaVac",4,,,,,,
Tonga,asia,REPORTING,137609,73928,130.194,69.945,63681,60.25,"AstraZeneca - Vaxzevria,Pfizer BioNTech - Comirnaty",2,,,,,,
Lesotho,africa,REPORTING,698383,745528,32.6,34.801,735610,34.338,"Beijing CNBG - BBIBP-CorV,Janssen - Ad26.COV 2-S,SII - Covishield",3,,,,,,
Micronesia (Federated States of),oceania,REPORTING,82358,48353,71.601,42.038,43234,37.587,"AstraZeneca - Vaxzevria,Janssen - Ad26.COV 2-S,Moderna - Spikevax,Pfizer BioNTech - Comirnaty",4,,,,,,
Malaysia,asia,REPORTING,55515573,25891725,171.524,79.997,25344958,78.307,"AstraZeneca - Vaxzevria,CanSino - Convidecia,Gamaleya - Gam-Covid-Vac,Pfizer BioNTech - Comirnaty,Sinovac - CoronaVac",5,,,,,,
New Caledonia,oceania,REPORTING,358459,183604,125.556,64.31,174855,61.246,"Janssen - Ad26.COV 2-S,Pfizer BioNTech - Comirnaty",2,,,,,,
Tuvalu,oceania,REPORTING,12114,6230,102.731,52.832,5884,49.898,AstraZeneca - Vaxzevria,1,,,,,,
Guatemala,southamerica,REPORTING,10996848,6414606,61.382,35.805,4518222,25.22,"AstraZeneca - Vaxzevria,Gamaleya - Gam-Covid-Vac,Moderna - Spikevax,Pfizer BioNTech - Comirnaty,SII - Covishield",5,,,,,,
Egypt,asia,REPORTING,58836189,35914913,57.494,35.096,23557717,23.02,"AstraZeneca - Vaxzevria,Beijing CNBG - BBIBP-CorV,Gamaleya - Gam-Covid-Vac,Janssen - Ad26.COV 2-S,Pfizer BioNTech - Comirnaty,Sinovac - CoronaVac",6,,,,,,
Solomon Islands,oceania,REPORTING,246124,185485,35.832,27.004,60639,8.828,"AstraZeneca - Vaxzevria,Beijing CNBG - BBIBP-CorV,SII - Covishield",3,,,,,,
Togo,africa,REPORTING,2446683,1399760,29.554,16.908,1040674,12.57,SII - Covishield,1,,,,,,
Wallis and Futuna,oceania,REPORTING,11939,6016,106.162,53.495,5923,52.668,Moderna - Spikevax,1,,,,,,
Paraguay,southamerica,REPORTING,6640918,3456659,93.107,48.463,2909472,40.792,"AstraZeneca - Vaxzevria,Beijing CNBG - BBIBP-CorV,Bharat - Covaxin,Gamaleya - Gam-Covid-Vac,Julphar - Hayat-Vax,Moderna - Spikevax,Pfizer BioNTech - Comirnaty,Sinovac - CoronaVac",8,,,,,,
Brazil,southamerica,REPORTING,315180274,159609213,148.279,75.089,140517221,66.107,"AstraZeneca - Vaxzevria,Janssen - Ad26.COV 2-S,Pfizer BioNTech - Comirnaty,SII - Covishield,Sinovac - CoronaVac",5,,,,,,
Peru,southamerica,REPORTING,48710775,24416744,147.734,74.053,21304262,64.613,"AstraZeneca - Vaxzevria,Beijing CNBG - BBIBP-CorV,Pfizer BioNTech - Comirnaty",3,,,,,,
Northern Mariana Islands (Commonwealth of the),oceania,REPORTING,93107,42378,161.765,73.628,39156,68.03,"Janssen - Ad26.COV 2-S,Moderna - Spikevax,Pfizer BioNTech - Comirnaty",3,,,,,,
Sao Tome and Principe,africa,REPORTING,137612,86396,62.791,39.422,51216,23.369,"AstraZeneca - Vaxzevria,SII - Covishield",2,,,,,,
Bahrain,asia,REPORTING,3268403,1206577,192.081,70.909,1182340,69.485,"AstraZeneca - Vaxzevria,Beijing CNBG - BBIBP-CorV,Gamaleya - Gam-Covid-Vac,Gamaleya - Sputnik-Light,Janssen - Ad26.COV 2-S,Moderna - Spikevax,Pfizer BioNTech - Comirnaty,SII - Covishield",8,,,,,,
Guam,oceania,REPORTING,282190,139095,167.199,82.414,125579,74.406,"Janssen - Ad26.COV 2-S,Moderna - Spikevax,Pfizer BioNTech - Comirnaty",3,,,,,,
Gabon,africa,REPORTING,486289,272373,21.848,12.237,213916,9.611,"Beijing CNBG - BBIBP-CorV,Gamaleya - Gam-Covid-Vac,Pfizer BioNTech - Comirnaty",3,,,,,,
Dominican Republic,southamerica,REPORTING,14021891,6930203,129.259,63.885,5685417,52.41,"AstraZeneca - Vaxzevria,SII - Covishield,Sinovac - CoronaVac",3,,,,,,
"Bonaire, Sint Eustatius and Saba",southamerica,REPORTING,7391,5726,28.441,22.034,2965,11.41,"Moderna - Spikevax,Pfizer BioNTech - Comirnaty",2,,,,,,
Guadeloupe,southamerica,REPORTING,272920,136191,68.209,34.037,126889,31.712,"AstraZeneca - Vaxzevria,Moderna - Spikevax,Pfizer BioNTech - Comirnaty",5,,,,,,
Hungary,europe,REPORTING,15073263,6206325,154.3,63.527,5719457,60.714,"AstraZeneca - Vaxzevria,Beijing CNBG - BBIBP-CorV,Gamaleya - Gam-Covid-Vac,Janssen - Ad26.COV 2-S,Moderna - Spikevax,Pfizer BioNTech - Comirnaty,Sinovac - CoronaVac",7,,,,,,
Estonia,europe,REPORTING,1852885,838849,139.4,63.12,722455,60.052,"AstraZeneca - Vaxzevria,Janssen - Ad26.COV 2-S,Moderna - Spikevax,Pfizer BioNTech - Comirnaty",4,,,,,,
Belarus,europe,REPORTING,8651776,4905934,91.6,51.918,3570521,37.786,"Beijing CNBG - BBIBP-CorV,Gamaleya - Gam-Covid-Vac",2,,,,,,
Slovenia,europe,REPORTING,2761251,1240589,131.7,59.192,1054079,56.796,"AstraZeneca - Vaxzevria,Janssen - Ad26.COV 2-S,Moderna - Spikevax,Pfizer BioNTech - Comirnaty",4,,,,,,
Switzerland,europe,REPORTING,11509639,5974374,133,69.421,5535265,64.934,"Janssen - Ad26.COV 2-S,Moderna - Spikevax,Pfizer BioNTech - Comirnaty",3,,,,,,
Uzbekistan,europe,REPORTING,35909655,17417998,107.3,52.042,12441333,30.881,"Anhui ZL - Recombinant,Gamaleya - Gam-Covid-Vac,Gamaleya - Sputnik-Light,Moderna - Spikevax,Pfizer BioNTech - Comirnaty,SII - Covishield,Sinovac - CoronaVac",7,,,,,,
Kazakhstan,europe,REPORTING,17970401,9210599,95.7,49.053,8759802,46.652,"Beijing CNBG - BBIBP-CorV,Gamaleya - Gam-Covid-Vac,Pfizer BioNTech - Comirnaty,RIBSP - QazVac,Sinovac - CoronaVac",5,,,,,,
Finland,europe,REPORTING,9709647,4357299,175.7,78.861,4138265,74.897,"AstraZeneca - Vaxzevria,Janssen - Ad26.COV 2-S,Moderna - Spikevax,Pfizer BioNTech - Comirnaty",4,,,,,,
France,europe,REPORTING,125646031,52927615,186.6,78.621,48503211,73.625,"AstraZeneca - Vaxzevria,Janssen - Ad26.COV 2-S,Moderna - Spikevax,Pfizer BioNTech - Comirnaty",4,,,,,,
Belgium,europe,REPORTING,21623362,8904026,187.7,77.276,8372495,76.321,"AstraZeneca - Vaxzevria,Janssen - Ad26.COV 2-S,Moderna - Spikevax,Pfizer BioNTech - Comirnaty",4,,,,,,
Poland,europe,REPORTING,46114207,21787910,121.5,57.4,18471996,55.54,"AstraZeneca - Vaxzevria,Janssen - Ad26.COV 2-S,Moderna - Spikevax,Pfizer BioNTech - Comirnaty",4,,,,,,
Georgia,europe,REPORTING,2281519,1195574,57.2,29.97,1026234,25.725,"AstraZeneca - Vaxzevria,Beijing CNBG - BBIBP-CorV,Pfizer BioNTech - Comirnaty,Sinovac - CoronaVac",4,,,,,,
Ireland,europe,REPORTING,9643847,3893998,194.3,78.438,3601243,77.316,"AstraZeneca - Vaxzevria,Janssen - Ad26.COV 2-S,Moderna - Spikevax,Pfizer BioNTech - Comirnaty",4,,,,,,
Malta,europe,REPORTING,1054489,433206,204.9,84.189,391686,82.312,"AstraZeneca - Vaxzevria,Janssen - Ad26.COV 2-S,Moderna - Spikevax,Pfizer BioNTech - Comirnaty",4,,,,,,
Kosovo,europe,REPORTING,1668010,879797,92.9,48.996,780327,43.456,"AstraZeneca - AZD1222, Pfizer BioNTech - Comirnaty",2,,,,,,
Italy,europe,REPORTING,109970994,47989420,184.4,80.468,42834498,74.298,"AstraZeneca - Vaxzevria,Janssen - Ad26.COV 2-S,Moderna - Spikevax,Pfizer BioNTech - Comirnaty",4,,,,,,
Croatia,europe,REPORTING,4733233,2258321,116.6,55.689,1954253,52.793,"AstraZeneca - Vaxzevria,Janssen - Ad26.COV 2-S,Moderna - Spikevax,Pfizer BioNTech - Comirnaty",4,,,,,,
Portugal,europe,REPORTING,19678705,9306182,191.1,90.431,7370666,82.552,"AstraZeneca - Vaxzevria,Janssen - Ad26.COV 2-S,Moderna - Spikevax,Pfizer BioNTech - Comirnaty",4,,,,,,
Azerbaijan,europe,REPORTING,10961264,5175273,108.1,51.042,4526114,44.64,"AstraZeneca - Vaxzevria,Gamaleya - Gam-Covid-Vac,Pfizer BioNTech - Comirnaty,Sinovac - CoronaVac",4,,,,,,
Denmark,europe,REPORTING,13073072,5329838,224.5,91.535,4896231,84.892,"AstraZeneca - Vaxzevria,Janssen - Ad26.COV 2-S,Moderna - Spikevax,Pfizer BioNTech - Comirnaty",4,,,,,,
Lithuania,europe,REPORTING,4119928,1917232,147.5,68.771,1566564,65.705,"AstraZeneca - Vaxzevria,Janssen - Ad26.COV 2-S,Moderna - Spikevax,Pfizer BioNTech - Comirnaty",4,,,,,,
Germany,europe,REPORTING,149863127,61722891,180.2,74.216,55649474,71.212,"AstraZeneca - Vaxzevria,Janssen - Ad26.COV 2-S,Moderna - Spikevax,Pfizer BioNTech - Comirnaty",4,,,,,,
Ukraine,europe,REPORTING,28426123,14751558,65,33.73,13674565,31.269,"AstraZeneca - Vaxzevria,Janssen - Ad26.COV 2-S,Moderna - Spikevax,Pfizer BioNTech - Comirnaty,SII - Covishield,Sinovac - CoronaVac",6,,,,,,
Albania,europe,REPORTING,2385048,1178447,82.9,41.408,1059018,37.211,"AstraZeneca - Vaxzevria,Gamaleya - Gam-Covid-Vac,Pfizer BioNTech - Comirnaty,SII - Covishield,Sinovac - CoronaVac",5,,,,,,
Bosnia and Herzegovina,europe,REPORTING,1553874,882641,47.4,26.903,720631,21.965,"AstraZeneca - AZD1222, Pfizer BioNTech - Comirnaty, Sinovac - CoronaVac, Gamaleya - Sputnik V",4,,,,,,
Iceland,europe,REPORTING,710698,285858,195.2,78.504,227631,77.384,"AstraZeneca - Vaxzevria,Janssen - Ad26.COV 2-S,Moderna - Spikevax,Pfizer BioNTech - Comirnaty",4,,,,,,
Czechia,europe,REPORTING,15484639,6819743,144.8,63.772,6246191,62.185,"AstraZeneca - Vaxzevria,Janssen - Ad26.COV 2-S,Moderna - Spikevax,Pfizer BioNTech - Comirnaty",4,,,,,,
Latvia,europe,REPORTING,2462850,1260062,129.1,66.052,950079,63.499,"AstraZeneca - Vaxzevria,Janssen - Ad26.COV 2-S,Moderna - Spikevax,Pfizer BioNTech - Comirnaty",4,,,,,,
San Marino,europe,REPORTING,56799,24369,167.4,70.731,21685,62.941,"Gamaleya - Gam-Covid-Vac,Pfizer BioNTech - Comirnaty",2,,,,,,
Turkey,europe,OWID,124058691,56660272,147.1,68.138,51890454,61.526,"Pfizer BioNTech - Comirnaty, Sinovac - CoronaVac",2,,,,,,
North Macedonia,europe,REPORTING,1755026,842871,84.2,40.596,816777,39.339,"AstraZeneca - Vaxzevria,Beijing CNBG - BBIBP-CorV,Gamaleya - Gam-Covid-Vac,Pfizer BioNTech - Comirnaty,Sinovac - CoronaVac,Wuhan CNBG - Inactivated",6,,,,,,
Monaco,europe,REPORTING,49980,26672,127.4,67.965,23308,59.393,Pfizer BioNTech - Comirnaty,1,,,,,,
Republic of Moldova,europe,REPORTING,1777348,1024499,44.1,25.397,681141,24.357,"AstraZeneca - Vaxzevria,Beijing CNBG - BBIBP-CorV,Gamaleya - Gam-Covid-Vac,Janssen - Ad26.COV 2-S,Moderna - Spikevax,Pfizer BioNTech - Comirnaty,Sinovac - CoronaVac",7,,,,,,
Andorra,europe,REPORTING,117246,57085,151.7,74.937,51392,67.464,"AstraZeneca - Vaxzevria,Moderna - Spikevax,Pfizer BioNTech - Comirnaty",3,,,,,,
Slovakia,europe,REPORTING,6193236,2744498,113.5,50.285,2453324,47.991,"AstraZeneca - Vaxzevria,Gamaleya - Gam-Covid-Vac,Janssen - Ad26.COV 2-S,Moderna - Spikevax,Pfizer BioNTech - Comirnaty",5,,,,,,
Netherlands,europe,REPORTING,29407636,13324537,168.9,76.544,11380685,70.36,"AstraZeneca - Vaxzevria,Janssen - Ad26.COV 2-S,Moderna - Spikevax,Pfizer BioNTech - Comirnaty",4,,,,,,
Austria,europe,REPORTING,16420837,6620416,184.5,74.378,5894882,70.092,"AstraZeneca - Vaxzevria,Janssen - Ad26.COV 2-S,Moderna - Spikevax,Pfizer BioNTech - Comirnaty",4,,,,,,
Serbia,europe,REPORTING,6554593,3335278,94.6,48.151,3219315,46.477,"AstraZeneca - Vaxzevria,Beijing CNBG - BBIBP-CorV,Gamaleya - Gam-Covid-Vac,Moderna - Spikevax,Pfizer BioNTech - Comirnaty",5,,,,,,
Romania,europe,REPORTING,15034089,7983877,77.8,41.306,5909682,40.546,"AstraZeneca - Vaxzevria,Janssen - Ad26.COV 2-S,Moderna - Spikevax,Pfizer BioNTech - Comirnaty",4,,,,,,
Cyprus,europe,REPORTING,1548889,643670,174.4,72.485,609284,71.147,"AstraZeneca - Vaxzevria,Janssen - Ad26.COV 2-S,Moderna - Spikevax,Pfizer BioNTech - Comirnaty",4,,,,,,
Kyrgyzstan,europe,REPORTING,2178052,1183406,33.4,18.139,994646,15.246,"AstraZeneca - Vaxzevria,Beijing CNBG - BBIBP-CorV,Gamaleya - Gam-Covid-Vac,Moderna - Spikevax,Pfizer BioNTech - Comirnaty,RIBSP - QazVac",6,,,,,,
Greece,europe,REPORTING,17548018,7479650,163.7,69.782,6487008,65.801,"AstraZeneca - Vaxzevria,Janssen - Ad26.COV 2-S,Moderna - Spikevax,Pfizer BioNTech - Comirnaty",4,,,,,,
Spain,europe,REPORTING,79587484,39790472,168.1,84.066,33618579,75.213,"AstraZeneca - Vaxzevria,Janssen - Ad26.COV 2-S,Moderna - Spikevax,Pfizer BioNTech - Comirnaty",4,,,,,,
The United Kingdom,europe,REPORTING,133477149,51801494,196.6,76.112,47332158,69.723,"AstraZeneca - Vaxzevria,Moderna - Spikevax,Pfizer BioNTech - Comirnaty",3,,,,,,
Turkmenistan,europe,REPORTING,7580976,4374694,125.7,72.535,3206282,53.162,"AstraZeneca - Vaxzevria,Beijing CNBG - BBIBP-CorV,Gamaleya - Gam-Covid-Vac,SRCVB - EpiVacCorona",4,,,,,,
Russian Federation,europe,OWID,140161780,71781421,96,49.187,63592400,43.576,"SRCVB - EpiVacCorona, Gamaleya - Sputnik V",2,,,,,,
Armenia,europe,REPORTING,1668198,957870,56.3,32.325,710328,23.971,"AstraZeneca - Vaxzevria,Beijing CNBG - BBIBP-CorV,Gamaleya - Gam-Covid-Vac,Moderna - Spikevax,Sinovac - CoronaVac",5,,,,,,
Sweden,europe,REPORTING,17105727,7417320,165.6,71.82,7167481,69.401,"AstraZeneca - Vaxzevria,Moderna - Spikevax,Pfizer BioNTech - Comirnaty",3,,,,,,
Tajikistan,europe,REPORTING,6605225,3709690,69.3,38.895,2895535,30.359,"AstraZeneca - Vaxzevria,Gamaleya - Gam-Covid-Vac,Moderna - Spikevax,Pfizer BioNTech - Comirnaty,SII - Covishield,Sinovac - CoronaVac",6,,,,,,
Luxembourg,europe,REPORTING,1047863,452999,167.4,72.352,392477,69.217,"AstraZeneca - Vaxzevria,Janssen - Ad26.COV 2-S,Moderna - Spikevax,Pfizer BioNTech - Comirnaty",4,,,,,,
Norway,europe,REPORTING,9756901,4283485,181.8,79.803,3919218,73.132,"AstraZeneca - Vaxzevria,Janssen - Ad26.COV 2-S,Moderna - Spikevax,Pfizer BioNTech - Comirnaty",4,,,,,,
Israel,europe,REPORTING,13901481,6635654,160.6,76.664,5993082,69.24,"AstraZeneca - Vaxzevria,Moderna - Spikevax,Pfizer BioNTech - Comirnaty",3,,,,,,
Bulgaria,europe,REPORTING,3706676,1978729,53.3,28.465,1452887,27.601,"AstraZeneca - Vaxzevria,Janssen - Ad26.COV 2-S,Moderna - Spikevax,Pfizer BioNTech - Comirnaty",4,,,,,,
Montenegro,europe,REPORTING,520772,273276,82.9,43.944,247496,39.798,"AstraZeneca - Vaxzevria,Beijing CNBG - BBIBP-CorV,Gamaleya - Gam-Covid-Vac,Pfizer BioNTech - Comirnaty",4,,,,,,
